{
    "best_params": {
        "estimator": "Ridge()",
        "estimator__alpha": "10.0"
    },
    "best_score": -0.028586119010861683,
    "rmse": 0.16286889279713537,
    "r2": 0.3479346012693398,
    "mae": 0.12552260851244443,
    "training_time": 4.518395662307739
}