{
    "best_params": {
        "estimator": "Ridge()",
        "estimator__alpha": "10.0"
    },
    "best_score": -0.028586119010861694,
    "rmse": 0.1628688927971358,
    "r2": 0.3479346012693367,
    "mae": 0.1255226085124443,
    "training_time": 2.35855770111084
}