{
    "best_params": {
        "estimator": "Ridge()",
        "estimator__alpha": "1.0"
    },
    "best_score": -0.018039752852471974,
    "rmse": 0.13185248617521286,
    "r2": 0.4520201078003557,
    "mae": 0.10354299721700001,
    "training_time": 3.0681982040405273
}