{
    "best_params": {
        "estimator": "Ridge()",
        "estimator__alpha": "1.0"
    },
    "best_score": -0.018039752852471974,
    "rmse": 0.1318524861752128,
    "r2": 0.45202010780035623,
    "mae": 0.1035429972169999,
    "training_time": 4.677710771560669
}