{
    "mean_std": {
        "NO2": {
            "mean": 14.290781946390698,
            "std": 7.596517444112326
        },
        "PM2.5": {
            "mean": 9.571672686411489,
            "std": 5.727411782258825
        },
        "PM10": {
            "mean": 14.9534166832252,
            "std": 6.61631309597609
        },
        "O3": {
            "mean": 49.80642914184604,
            "std": 18.341904840356438
        },
        "tavg": {
            "mean": 11.503686543110396,
            "std": 6.0506633947342205
        },
        "prcp": {
            "mean": 2.0124039752887457,
            "std": 3.451897082212686
        },
        "wdir": {
            "mean": 186.91011688835147,
            "std": 91.84622262955067
        },
        "wspd": {
            "mean": 12.144084295548126,
            "std": 4.5654065685189
        },
        "pres": {
            "mean": 1015.1168534193203,
            "std": 9.887389244927137
        }
    },
    "min_max": {
        "NO2": {
            "min": 1.41,
            "max": 39.5033
        },
        "PM2.5": {
            "min": 0.0564,
            "max": 30.5022
        },
        "PM10": {
            "min": -1.5433,
            "max": 39.3633
        },
        "O3": {
            "min": 0.7088,
            "max": 104.7925
        },
        "tavg": {
            "min": -6.6,
            "max": 29.0
        },
        "prcp": {
            "min": 0.0,
            "max": 17.0
        },
        "wdir": {
            "min": 0.0,
            "max": 359.0
        },
        "wspd": {
            "min": 2.6,
            "max": 27.2
        },
        "pres": {
            "min": 985.6,
            "max": 1042.5
        }
    },
    "features": [
        "NO2",
        "PM2.5",
        "PM10",
        "O3",
        "tavg",
        "prcp",
        "wdir",
        "wspd",
        "pres"
    ]
}